{"mean": [27.277061338967187, 52.97161959228131, 50.10097989866863, 6.9763618141792545], "std": [10.05839317061364, 27.51207655474442, 28.696439938667297, 4.048670232843797]}